Naam,Adres,Postcode,Plaats,Opgericht,Klanten,Domeinen,Servers,Medewerkers (fte),NPS (%),Resellers toegestaan,Geschatte omzet (*miljoen euro),Diensten
Versio BV,Francois Haversmidtwei 2,8914 BC,Leeuwarden,15-10-2008,120000,600000,20000,10.0,82,1,2.0,"Domeinnaam, Domein reselling, Webhosting, Webhosting reselling, Dedicated server, Virtual Private Server, SSL-Certificaat, E-mail hosting."
Antagonist,Neptunusstraat 27 B,7521 WC,Enschede,24-06-2004,90000,100000,Geen opgave,15.0,98,1,3.0,"Domeinnaam, Domein reselling, Webhosting, Webhosting reselling, Virtual Private Server, SSL-Certificaat."
SoHosted BV,Dopheide 14b,9202PB,Drachten,13-12-2003,27900,55500,650,19.0,98,,3.8,"Domeinnaam, Webhosting, Colocatie, Dedicated server, Virtual Private Server, Managed server."
Skyberate Internet Services BV,Julianaplein 44,7003DW,Doetinchem,01-03-2003,Geen opgave,Geen opgave,Geen opgave,20.0,96,1,4.0,"Domeinnaam, Domein reselling, Webhosting, Webhosting reselling, Streaming media, Colocatie, Dedicated server, Virtual Private Server, SSL-Certificaat, Online backup, Managed server, E-mail hosting."
PCextreme,Edisonweg 51D,4382 NV,Vlissingen,01-01-2004,55000,80000,500,20.0,64,1,4.0,"Domeinnaam, Domein reselling, Webhosting, Webhosting reselling, Streaming media, Colocatie, Dedicated server, Virtual Private Server, SSL-Certificaat, Online backup, Managed server, E-mail hosting."
iXL hosting B.V.,Galvanistraat 117,6716 AE,Ede,29-05-2008,6000,20000,800,8.0,96,1,1.6,"Domeinnaam, Domein reselling, Webhosting, Webhosting reselling, Colocatie, Dedicated server, Virtual Private Server, Gameserver, SSL-Certificaat, VoIP-telefonie, Online backup, Managed server, E-mail hosting."
Web://Xtra,Westervoortsedijk 73 CB,6827AV,Arnhem,05-10-2004,10000,25000,125,6.0,18,1,1.2,"Domeinnaam, Domein reselling, Webhosting, Webhosting reselling, Streaming media, Colocatie, Dedicated server, Virtual Private Server, Gameserver, SSL-Certificaat, Breedband internet, VoIP-telefonie, Netwerk connectiviteit, Online backup, Usenet toegang, Managed server, E-mail hosting."
Correcthosting.nl,binnenpad 22,8355 BR,Giethoorn,01-11-1996,2100,25000,100,6.0,98,1,1.2,"Domeinnaam, Domein reselling, Webhosting, Webhosting reselling, Virtual Private Server, SSL-Certificaat, VoIP-telefonie, Online backup, Managed server."
LeaseWeb,Luttenbergweg 8,1101EC,Amsterdam,02-01-1997,15000,190000,60000,200.0,42,,40.0,
Tilaa BV,Westdam 3J,3441GA,Woerden,16-04-2009,Geen opgave,Geen opgave,Geen opgave,11.0,82,,2.2,"Virtual Private Server, Netwerk connectiviteit, Managed server."
CJ2 Hosting BV,Zernikepark 1,9747 AP,Groningen,12-04-2002,Geen opgave,Geen opgave,Geen opgave,7.0,100,,1.4,
Hosted,Mallemoolen 23,6901GS,Zevenaar,18-08-2006,2500,10000,500,10.0,70,1,2.0,"Domeinnaam, Domein reselling, Webhosting, Webhosting reselling, Streaming media, Colocatie, Dedicated server, Virtual Private Server, SSL-Certificaat, Breedband internet, VoIP-telefonie."
Robohost,Postbus 29,1270AA,Huizen,01-02-2013,Geen opgave,Geen opgave,Geen opgave,10.0,100,,2.0,
VPShosting.nl,Mallemoolen 23,6901GS,Zevenaar,18-08-2006,4200,Geen opgave,500,9.0,86,1,1.8,"Domeinnaam, Domein reselling, Webhosting, Webhosting reselling, Colocatie, Dedicated server, Virtual Private Server, SSL-Certificaat, Breedband internet, VoIP-telefonie, Netwerk connectiviteit, Online backup, Managed server, E-mail hosting."
Danteck,De Haal 52A,1511AS,Oostzaan,01-04-2014,100,400,10,40.0,100,,8.0,
Cloudhosting.nl,Ringbaan Zuid 10,6905DB,Zevenaar,18-08-2006,2500,10000,250,9.0,100,1,1.8,"Domeinnaam, Domein reselling, Streaming media, Dedicated server, Virtual Private Server, SSL-Certificaat, Netwerk connectiviteit, Online backup, Managed server."
i24 ICT B.V.,Lichtenauerlaan 102-120,3062 ME,Rotterdam - Brainpark,01-01-2003,5000,5000,100,5.0,-100,1,1.0,"Domeinnaam, Domein reselling, Webhosting, Webhosting reselling, Streaming media, Colocatie, Dedicated server, Virtual Private Server, Gameserver, SSL-Certificaat, Breedband internet, VoIP-telefonie, Netwerk connectiviteit, Online backup, Usenet toegang, Managed server, E-mail hosting."
Protagonist,Westblaak 142,3012 KM,Rotterdam,00-00-2000,20000,50000,50,15.0,94,1,3.0,"Domeinnaam, Domein reselling, Webhosting, Webhosting reselling, Dedicated server, Virtual Private Server, SSL-Certificaat, Online backup, Managed server, E-mail hosting."
Neostrada,Reaalhof 64,8232VS,LELYSTAD,23-06-2003,50000,150000,1000,15.0,94,1,3.0,"Domeinnaam, Domein reselling, Webhosting, Webhosting reselling, Streaming media, Colocatie, Dedicated server, Virtual Private Server, Gameserver, SSL-Certificaat, Breedband internet, VoIP-telefonie, Netwerk connectiviteit, Online backup, Managed server."
Wned.nl,Postbus 89,9300AB,Roden,13-08-2003,45000,90000,310,8.0,94,1,1.6,"Domeinnaam, Domein reselling, Webhosting, Webhosting reselling, SSL-Certificaat, E-mail hosting."
Oxilion,M.H. Tromplaan 52,7513 AB,Enschede,06-04-2000,10000,35000,2000,18.0,98,1,3.6,"Domeinnaam, Domein reselling, Webhosting, Webhosting reselling, Streaming media, Colocatie, Dedicated server, Virtual Private Server, SSL-Certificaat, Breedband internet, Netwerk connectiviteit, Online backup, Managed server, E-mail hosting."
VDX Internet Services B.V.,Stadionplein 23,8025 CP,Zwolle,01-04-1999,35000,120000,Geen opgave,29.0,86,1,5.8,"Domeinnaam, Domein reselling, Webhosting, Webhosting reselling, Streaming media, Virtual Private Server, SSL-Certificaat, Online backup, E-mail hosting."
Byte,Watertorenplein 4A,1051PA,Amsterdam,01-05-1999,25000,42000,1550,40.0,96,1,8.0,"Domeinnaam, Webhosting, Webhosting reselling, Streaming media, Dedicated server, Virtual Private Server, SSL-Certificaat, Online backup, Managed server, E-mail hosting."
Aleto Internet,Bevrijdingsweg 100,5915 PL,Venlo,20-03-1998,Geen opgave,12000,70,9.0,54,1,1.8,"Domeinnaam, Domein reselling, Webhosting, Webhosting reselling, Streaming media, Colocatie, Dedicated server, SSL-Certificaat, Managed server."
Dutchwebhosting,Rucphensebaan 30a,4706 PJ,Roosendaal,01-03-1999,63625,220085,1450,10.0,92,1,2.0,"Domeinnaam, Domein reselling, Webhosting, Webhosting reselling, Streaming media, Colocatie, Dedicated server, Virtual Private Server, SSL-Certificaat, Online backup, Managed server, E-mail hosting."
Mijnwebsitehosting,Bronsweg 7,8211 AL,Lelystad,01-08-2009,15230,23080,6,8.0,96,1,1.6,"Domeinnaam, Webhosting, Webhosting reselling, Colocatie, Dedicated server, SSL-Certificaat, Online backup, Managed server."
DeziWeb B.V. - kwaliteithosting,Ketelskamp 10,7942 KG,Meppel,01-12-2011,11000,33500,400,10.0,66,1,2.0,"Domeinnaam, Domein reselling, Webhosting, Webhosting reselling, Streaming media, Colocatie, Dedicated server, Virtual Private Server, SSL-Certificaat, Online backup, Managed server, E-mail hosting."
Webstekker B.V.,Stadionplein 23,8025 CP,Zwolle,09-01-2000,23000,56000,780,9.0,36,1,1.8,"Domeinnaam, Domein reselling, Webhosting, Webhosting reselling, Streaming media, Virtual Private Server, SSL-Certificaat, Online backup, E-mail hosting."
InternetToday.nl,Theemsweg 73,3201 LT,Spijkenisse,28-05-2001,6500,100000,250,15.0,96,1,3.0,"Domeinnaam, Domein reselling, Webhosting, Webhosting reselling, Dedicated server, Virtual Private Server, SSL-Certificaat, Online backup, Managed server, E-mail hosting."
CloudVPS B.V.,Delftsestraat 5,3013 AB,Rotterdam,01-09-2006,Geen opgave,Geen opgave,Geen opgave,24.0,68,1,4.8,"Domeinnaam, Domein reselling, Webhosting, Webhosting reselling, Dedicated server, Virtual Private Server, SSL-Certificaat, Netwerk connectiviteit, Managed server."
Trafego IS BV,Ekelstraat 3,4726AN,Heerle NB,01-07-2006,7800,18000,1400,5.0,72,1,1.0,"Domeinnaam, Domein reselling, Webhosting, Webhosting reselling, Streaming media, Dedicated server, Virtual Private Server, Gameserver, SSL-Certificaat, Online backup, Managed server."
Topservers.nl,Fahrenheitstraat 41,6710 BH,Ede GLD,01-02-2005,7924,11214,32,6.0,100,1,1.2,"Domeinnaam, Domein reselling, Webhosting, Webhosting reselling, Colocatie, Dedicated server, Virtual Private Server, SSL-Certificaat, Online backup, Managed server, E-mail hosting."
XXL Webhosting B.V.,Tesselschadestraat 8D,8913 HB,Leeuwarden,21-08-2000,10000,35000,150,8.0,88,1,1.6,"Domeinnaam, Domein reselling, Webhosting, Webhosting reselling, Streaming media, Dedicated server, Virtual Private Server, SSL-Certificaat, Online backup, Managed server, E-mail hosting."
Vircon,De Zaale 11,5612 AJ,Eindhoven,01-01-2003,Geen opgave,Geen opgave,Geen opgave,6.0,92,1,1.2,"Domeinnaam, Domein reselling, Webhosting, Webhosting reselling, Streaming media, Dedicated server, Virtual Private Server, SSL-Certificaat, VoIP-telefonie, Online backup, Managed server."
Let's Go Online,Dam Bustersstraat 8,4651 SJ,Steenbergen,01-04-2004,Geen opgave,Geen opgave,Geen opgave,6.0,54,1,1.2,"Domeinnaam, Domein reselling, Webhosting, Webhosting reselling, Streaming media, SSL-Certificaat, Online backup."
USCN Internet Services B.V.,Wibenaheerd 413,9736 NG,Groningen,24-01-2011,400,900,24,5.0,90,1,1.0,"Domeinnaam, Domein reselling, Webhosting, Webhosting reselling, Streaming media, Colocatie, Dedicated server, Virtual Private Server, SSL-Certificaat, Netwerk connectiviteit, Managed server, E-mail hosting."
Directwebhosting,Westhavenweg 105B,1042 BB,Zaandam,10-06-2002,500,1500,35,5.0,70,1,1.0,"Domeinnaam, Domein reselling, Webhosting, Webhosting reselling, Colocatie, Dedicated server, Virtual Private Server, SSL-Certificaat, Netwerk connectiviteit, Online backup, Managed server."
Domeinwinkel,Postbus 3501,4800 DM,Breda,23-09-2003,15000,35000,30,10.0,82,1,2.0,"Domeinnaam, Domein reselling, Webhosting, Webhosting reselling, Streaming media, Colocatie, SSL-Certificaat, Online backup, Managed server, E-mail hosting."
Shock Media B.V.,Twentepoort Oost 18,7609 RG,Almelo,01-01-1999,5000,10000,1500,22.0,88,1,4.4,"Domeinnaam, Domein reselling, Webhosting, Webhosting reselling, Streaming media, Colocatie, Dedicated server, Virtual Private Server, SSL-Certificaat, Breedband internet, Netwerk connectiviteit, Online backup, Managed server, E-mail hosting."
Xuna Solutions,Koperweg 11-J,2401LH,Alphen aan den Rijn,07-06-2007,1250,8500,98,5.0,80,1,1.0,"Domeinnaam, Domein reselling, Webhosting, Webhosting reselling, Colocatie, Dedicated server, Virtual Private Server, SSL-Certificaat, Usenet toegang, Managed server, E-mail hosting."
Topservers,Keplerlaan 16,6716 BS,Ede GLD,19-02-2005,8250,16500,75,10.0,100,1,2.0,"Domeinnaam, Domein reselling, Webhosting, Webhosting reselling, Colocatie, Dedicated server, Virtual Private Server, SSL-Certificaat, Online backup, Managed server."
ServeIP,Dorpshof 7,3084LK,Rotterdam,17-08-2011,Geen opgave,Geen opgave,Geen opgave,10.0,94,1,2.0,"Domeinnaam, Domein reselling, Webhosting, Webhosting reselling, Colocatie, Dedicated server, Virtual Private Server."
Domeinbalie.nl,Koivistokade 56,1013 BB,Amsterdam,14-08-2002,Geen opgave,Geen opgave,Geen opgave,6.0,46,1,1.2,"Domeinnaam, Domein reselling, Webhosting, Webhosting reselling, Dedicated server, Virtual Private Server, SSL-Certificaat, Managed server."
VEVIDA,Rozenburglaan 3,9727 DL,Groningen,00-00-1997,33000,55000,Geen opgave,20.0,70,1,4.0,"Domeinnaam, Webhosting, Webhosting reselling, Dedicated server, SSL-Certificaat, Managed server."
Redbee,Noordermarkt 16,1015 MX,Amsterdam,01-01-2000,Geen opgave,Geen opgave,Geen opgave,9.0,98,1,1.8,"Domeinnaam, Domein reselling, Webhosting, Webhosting reselling, Streaming media, Colocatie, Dedicated server, Virtual Private Server, SSL-Certificaat, Netwerk connectiviteit, Online backup, Managed server."
XLhosted,Dopheide 2a,9202 PB,Drachten,30-01-2012,Geen opgave,Geen opgave,Geen opgave,12.0,88,1,2.4,"Domeinnaam, Webhosting, Webhosting reselling, Dedicated server, Virtual Private Server, SSL-Certificaat, Managed server, E-mail hosting."
Vertixo B.V.,Charlotte Brontestraat 251,1102 XD,Amsterdam Zuidoost,26-09-2007,Geen opgave,Geen opgave,Geen opgave,6.0,100,1,1.2,"Domeinnaam, Domein reselling, Webhosting, Webhosting reselling, Streaming media, Colocatie, Dedicated server, Virtual Private Server, Gameserver, SSL-Certificaat, Breedband internet, VoIP-telefonie, Netwerk connectiviteit, Online backup, Usenet toegang, Managed server, E-mail hosting."
OVH.NL,Hogehilweg 16,1101 CD,Amsterdam,17-11-2008,930000,3700000,220000,7.0,20,1,1.4,"Domeinnaam, Domein reselling, Webhosting, Webhosting reselling, Streaming media, Dedicated server, Virtual Private Server, Gameserver, SSL-Certificaat, Online backup, E-mail hosting."
Hensel Hosting,Ellermanstraat 15F,1099 BW,Amsterdam,01-01-2003,3000,5000,Geen opgave,5.0,100,1,1.0,"Domeinnaam, Domein reselling, Webhosting, Webhosting reselling, Dedicated server, Virtual Private Server, SSL-Certificaat, Online backup, Managed server, E-mail hosting."
i3D.net,Rivium 1e straat 1,2909LE,Capelle aan den IJssel,28-08-2002,30000,5000,8100,52.0,24,1,10.4,"Domeinnaam, Domein reselling, Webhosting, Webhosting reselling, Streaming media, Colocatie, Dedicated server, Virtual Private Server, Gameserver, SSL-Certificaat, Netwerk connectiviteit, Online backup, Managed server, E-mail hosting."
Easy IS / Bizway BV,Tjalk 20,2411 NZ,Bodegraven,01-01-2001,1500,15000,250,6.0,52,1,1.2,"Domeinnaam, Domein reselling, Webhosting, Webhosting reselling, Streaming media, Colocatie, Dedicated server, Virtual Private Server, Gameserver, SSL-Certificaat, VoIP-telefonie, Online backup, Managed server, E-mail hosting."
Abbatis,Vendelier 61,3905PD,Veenendaal,13-01-2012,Geen opgave,Geen opgave,Geen opgave,9.0,68,1,1.8,"Domeinnaam, Domein reselling, Webhosting, Webhosting reselling, Virtual Private Server, Gameserver, SSL-Certificaat, VoIP-telefonie, Netwerk connectiviteit, Online backup, Managed server, E-mail hosting."
AD Hosting B.V.,Storkstraat 9,2722NN,Zoetermeer,16-10-2000,7000,12000,150,7.0,90,1,1.4,"Domeinnaam, Domein reselling, Webhosting, Webhosting reselling, Dedicated server, Virtual Private Server, SSL-Certificaat, Netwerk connectiviteit, Managed server, E-mail hosting."
Netrouting,Boyleweg 2,3208 KA,Spijkenisse,23-03-2007,Geen opgave,Geen opgave,2000,9.0,100,1,1.8,"Domeinnaam, Domein reselling, Webhosting, Webhosting reselling, Streaming media, Colocatie, Dedicated server, Virtual Private Server, SSL-Certificaat, VoIP-telefonie, Netwerk connectiviteit, Online backup, Managed server, E-mail hosting."
w3Media B.V.,Lichtenauerlaan 120,3062 ME,Rotterdam,03-10-1999,500,3400,160,17.0,100,1,3.4,"Domeinnaam, Domein reselling, Webhosting, Webhosting reselling, Streaming media, Colocatie, Dedicated server, Virtual Private Server, Gameserver, SSL-Certificaat, VoIP-telefonie, Netwerk connectiviteit, Online backup, Managed server."
BlueYellow,Dokter van Deenweg 14,8025 BE,Zwolle,01-10-2001,Geen opgave,Geen opgave,Geen opgave,10.0,68,1,2.0,"Domeinnaam, Domein reselling, Webhosting, Webhosting reselling, Dedicated server, Virtual Private Server, SSL-Certificaat."
DataCT,Wolvenplein 13,3512 CK,Utrecht,09-09-1999,4212,5000,100,5.0,88,1,1.0,"Domeinnaam, Domein reselling, Webhosting, Webhosting reselling, Dedicated server, Virtual Private Server, SSL-Certificaat, Managed server, E-mail hosting."
Redbee / Thyatia.net,Noordermarkt 16,1015 MX,Amsterdam,27-05-2004,Geen opgave,Geen opgave,Geen opgave,8.0,-100,1,1.6,"Domeinnaam, Domein reselling, Webhosting, Webhosting reselling, Colocatie, Dedicated server, Virtual Private Server, Gameserver, SSL-Certificaat, Netwerk connectiviteit, Managed server."
Your-webhost,Niermansgang 125,7514 DN,Enschede,01-01-2004,Geen opgave,Geen opgave,Geen opgave,5.0,100,1,1.0,"Domeinnaam, Domein reselling, Webhosting, Webhosting reselling, Virtual Private Server, SSL-Certificaat."
Windhoos Servers,Goudenregenplantsoen 177,2982 TD,Ridderkerk,05-06-2015,80,500,15,8.0,100,1,1.6,"Domeinnaam, Domein reselling, Webhosting, Webhosting reselling, Streaming media, Colocatie, Dedicated server, Virtual Private Server, Gameserver, SSL-Certificaat, VoIP-telefonie, Online backup, Managed server."
Totaalnet Internet Works bv,Impact 75,6921 RE,Duiven,17-05-1997,42000,140000,Geen opgave,14.0,-12,1,2.8,"Domeinnaam, Domein reselling, Webhosting, Webhosting reselling, Colocatie, Dedicated server, Virtual Private Server, SSL-Certificaat, Netwerk connectiviteit, Online backup, Managed server, E-mail hosting."
WF-Webhosting,Stetse 2,1613 BV,Grootebroek,16-08-1996,343,675,36,40.0,100,1,8.0,"Domeinnaam, Webhosting, Webhosting reselling, Streaming media, Colocatie, Dedicated server, Gameserver, VoIP-telefonie, Online backup."
Netzozeker B.V.,Keulenstraat 14,7418 ET,Deventer,31-03-2000,Geen opgave,Geen opgave,Geen opgave,15.0,56,,3.0,"Domeinnaam, Webhosting, Virtual Private Server, SSL-Certificaat, Breedband internet, VoIP-telefonie, Online backup, Managed server, E-mail hosting."
Greenhost,Weesperstraat 3,1018DN,Amsterdam,01-01-2001,6200,13000,30,12.0,100,,2.4,"Domeinnaam, Webhosting, Streaming media, Virtual Private Server, SSL-Certificaat, Netwerk connectiviteit, Online backup, Managed server, E-mail hosting."
Prioserve Internetdiensten,Smirnoffweg 36,3088HE,Rotterdam,01-09-1999,5000,25000,100,6.0,100,1,1.2,"Domeinnaam, Domein reselling, Webhosting, Webhosting reselling, Streaming media, Colocatie, Dedicated server, Virtual Private Server, Gameserver, SSL-Certificaat, Breedband internet, Netwerk connectiviteit, Online backup, Managed server, E-mail hosting."
QUPRA Hosting en Clouddiensten,Professor Verbernelaan 35,5037AD,Tilburg,31-08-2006,70,200,12,8.0,100,1,1.6,"Domeinnaam, Webhosting, Webhosting reselling, Virtual Private Server, Netwerk connectiviteit, Online backup, Managed server, E-mail hosting."
One.com,Strawinskylaan 3051,1077 ZX,Amsterdam,01-01-2002,950000,Geen opgave,Geen opgave,150.0,30,,30.0,"Domeinnaam, Webhosting, Online backup."
HostingXS,Kerkenbos 1063 G,6546 BB,Nijmegen,07-03-2000,Geen opgave,Geen opgave,Geen opgave,9.0,100,1,1.8,"Domeinnaam, Domein reselling, Webhosting, Webhosting reselling, Colocatie, Dedicated server, Virtual Private Server, SSL-Certificaat, Managed server, E-mail hosting."
Mangelot Hosting,Rietven 23,7534 NH,Enschede,18-05-2004,Geen opgave,Geen opgave,Geen opgave,80.0,100,1,16.0,"Domeinnaam, Domein reselling, Webhosting, Webhosting reselling, Colocatie, Dedicated server, Virtual Private Server, SSL-Certificaat, Netwerk connectiviteit, Online backup, Managed server, E-mail hosting."
WIPA Nederland B.V.,Paul van Vlissingenstraat 16,1096 BK,Amsterdam,01-09-2008,Geen opgave,2500,Geen opgave,8.0,100,1,1.6,"Domeinnaam, Webhosting, Webhosting reselling, Colocatie, Dedicated server, Virtual Private Server, Breedband internet, VoIP-telefonie, Netwerk connectiviteit, Online backup, Managed server."
Trans-IT Hosting,Bokstraat 81,6413AS,Heerlen,12-03-1998,900,1792,52,7.0,68,1,1.4,"Domeinnaam, Webhosting, Webhosting reselling, Streaming media, Colocatie, Dedicated server, Virtual Private Server, Gameserver, SSL-Certificaat, Online backup, Managed server."
Zylon Internet Services,Zernikepark 12,9747 AN,Groningen,02-08-2002,Geen opgave,Geen opgave,Geen opgave,5.0,100,1,1.0,"Domeinnaam, Webhosting, Webhosting reselling, Colocatie, Dedicated server, Virtual Private Server, SSL-Certificaat, Netwerk connectiviteit, Managed server."
Rijndata B.V.,Handelsweg 8,2404CD,Alphen aan den Rijn,26-08-2009,3000,4000,1000,10.0,100,,2.0,"Colocatie, Dedicated server, Virtual Private Server, Breedband internet, VoIP-telefonie, Netwerk connectiviteit, Online backup, Managed server."
Spango Internet,Koningsbeltweg 78,1329 AK,Almere,16-05-2003,2000,5000,1500,8.0,100,1,1.6,"Domeinnaam, Domein reselling, Webhosting, Webhosting reselling, Colocatie, Dedicated server, Virtual Private Server, SSL-Certificaat, Netwerk connectiviteit, Online backup, Managed server, E-mail hosting."
proserve,Nieuwland Parc 155,3351 LJ,Papendrecht,15-09-2000,Geen opgave,Geen opgave,Geen opgave,27.0,-100,1,5.4,"Domeinnaam, Domein reselling, Webhosting, Webhosting reselling, Streaming media, Colocatie, Dedicated server, Virtual Private Server, SSL-Certificaat, Breedband internet, Netwerk connectiviteit, Online backup, Managed server."
Hosting4ever.nl,Abraham Strickstraat 4,7521EV,Enschede,01-04-2007,9000,14000,Geen opgave,6.0,100,,1.2,"Domeinnaam, Webhosting, E-mail hosting."
Hoston,Postbus 849,3161 AA,Rhoon,01-02-2007,Geen opgave,Geen opgave,Geen opgave,320.0,46,,64.0,"Domeinnaam, Webhosting, Online backup, E-mail hosting."
ReasonNet,Gyroscoopweg 134-140,1042 AZ,Amsterdam,01-11-1998,500,10000,200,35.0,-50,1,7.0,"Domeinnaam, Domein reselling, Webhosting, Webhosting reselling, Streaming media, Colocatie, Dedicated server, Virtual Private Server, SSL-Certificaat, Breedband internet, VoIP-telefonie, Netwerk connectiviteit, Online backup, Managed server."
ITSXS,Potgieterstraat 6,6901LG,Zevenaar,01-02-2015,2000,1250,250,10.0,100,1,2.0,"Webhosting, Webhosting reselling, Streaming media, Colocatie, Dedicated server, Virtual Private Server, Gameserver, SSL-Certificaat, Breedband internet, VoIP-telefonie, Netwerk connectiviteit, Online backup, Managed server, E-mail hosting."
Koopjeserver.nl,Beekdal 16,5434RD,Vianen,01-08-2015,350,450,83,8.0,100,1,1.6,"Domeinnaam, Domein reselling, Webhosting, Webhosting reselling, Dedicated server, Virtual Private Server, Gameserver, SSL-Certificaat, VoIP-telefonie, Netwerk connectiviteit, Online backup, Managed server, E-mail hosting."
Sebsoft BV,Dam Bustersstraat 8,4651 SJ,Steenbergen,01-06-2000,300,Geen opgave,Geen opgave,6.0,100,1,1.2,"Domeinnaam, Domein reselling, Webhosting, Webhosting reselling, Colocatie, Dedicated server, SSL-Certificaat, Managed server."
A1 Internet BV,Pluto 3,8448 CM,Heerenveen,01-03-1995,3121,3856,18,9.0,-100,1,1.8,"Domeinnaam, Domein reselling, Webhosting, Webhosting reselling, Streaming media, Colocatie, Dedicated server, Virtual Private Server, SSL-Certificaat, Breedband internet, VoIP-telefonie, Netwerk connectiviteit, Online backup, Managed server, E-mail hosting."
IS Group B.V.,Wielingenstraat 8,1441 ZR,Purmerend,01-11-1996,Geen opgave,Geen opgave,Geen opgave,160.0,100,,32.0,"Domeinnaam, Webhosting, Streaming media, Colocatie, Dedicated server, Breedband internet, Netwerk connectiviteit."
Server Nation,De Trompet 1625,1967 DB,Heemskerk,01-01-2000,4795,32701,78,8.0,-100,1,1.6,"Domeinnaam, Domein reselling, Webhosting, Webhosting reselling, Dedicated server, Virtual Private Server, SSL-Certificaat, Netwerk connectiviteit, Managed server."
MuntInternet Networks B.V.,Oosterdijk 39,8601BP,Sneek,01-01-1998,Geen opgave,Geen opgave,Geen opgave,9.0,100,1,1.8,"Domeinnaam, Webhosting, Webhosting reselling, Streaming media, Colocatie, Dedicated server, Virtual Private Server, Gameserver, SSL-Certificaat, VoIP-telefonie, Netwerk connectiviteit, Online backup, Managed server, E-mail hosting."
Mundohost Webhosting,Postbus 4258,6202WC,Maastricht,01-12-2008,Geen opgave,Geen opgave,Geen opgave,5.0,100,,1.0,"Domeinnaam, Webhosting, Streaming media, VoIP-telefonie, Online backup."
Rikembregtshosting,Overakkerstraat 246,4834XR,Breda,01-01-2011,750,892,93,8.0,100,1,1.6,"Domeinnaam, Domein reselling, Webhosting, Webhosting reselling, Colocatie, Dedicated server, Virtual Private Server, Online backup."
Vandaag Telecom,Nipkowlaan 11,9207 JA,DRACHTEN,31-08-2012,Geen opgave,Geen opgave,Geen opgave,25.0,100,,5.0,"Colocatie, Dedicated server, Virtual Private Server, Breedband internet, VoIP-telefonie, Netwerk connectiviteit, Managed server, E-mail hosting."
ISP Services,Oranjesingel 76,6511 NZ,Nijmegen,01-01-1997,Geen opgave,Geen opgave,Geen opgave,26.0,100,,5.2,"Domeinnaam, Webhosting, Colocatie, Dedicated server, SSL-Certificaat, Breedband internet, Netwerk connectiviteit, Online backup, Managed server."
Deactro,Edisonring 6a,6669NB,Dodewaard,26-09-2001,Geen opgave,Geen opgave,10,6.0,100,,1.2,"Domeinnaam, Webhosting, Dedicated server, Virtual Private Server, SSL-Certificaat, Online backup, Managed server."
24hosted BV,Marowijnestraat 37,9715RA,Groningen,28-05-2006,500,1500,25,5.0,100,1,1.0,"Domeinnaam, Domein reselling, Webhosting, Webhosting reselling, Colocatie, Dedicated server, Virtual Private Server, SSL-Certificaat, VoIP-telefonie, Online backup, Managed server, E-mail hosting."
NedStars,Parmentierweg 14,5657 EH,Eindhoven,01-10-2000,Geen opgave,Geen opgave,Geen opgave,20.0,-100,1,4.0,"Domeinnaam, Domein reselling, Webhosting, Webhosting reselling, Streaming media, Colocatie, Dedicated server, Virtual Private Server, Gameserver, SSL-Certificaat, VoIP-telefonie, Netwerk connectiviteit, Online backup, Managed server."
MultiServe,Stationsplein 32,3112HJ,Schiedam,04-09-2006,Geen opgave,Geen opgave,Geen opgave,36.0,-100,,7.2,"Domeinnaam, Webhosting, Dedicated server, Virtual Private Server."
Dutch Identity,Cosijnstraat 18,2313 NC,Leiden,19-11-2007,Geen opgave,Geen opgave,Geen opgave,36.0,-100,1,7.2,"Domeinnaam, Domein reselling, Webhosting, Webhosting reselling, Dedicated server."
EK-Media B.V.,Moezel 5,2491CV,Den Haag,06-12-2013,1100,3600,73,7.0,100,1,1.4,"Domeinnaam, Webhosting, Webhosting reselling, Streaming media, Colocatie, Dedicated server, Virtual Private Server, SSL-Certificaat, Breedband internet, VoIP-telefonie, Netwerk connectiviteit, Online backup, Managed server."
basicHost.nl,,,Den Haag,01-08-2015,1000,2500,100,7.0,100,,1.4,"Domeinnaam, Webhosting, Virtual Private Server, VoIP-telefonie, Online backup, E-mail hosting."
Spothost,Nautilusstraat 3,7821AG,Emmen,01-01-2005,1000,5000,25,7.0,100,1,1.4,"Domeinnaam, Domein reselling, Webhosting, Webhosting reselling, Streaming media, Colocatie, Dedicated server, Virtual Private Server, SSL-Certificaat, VoIP-telefonie, Netwerk connectiviteit, Online backup, Managed server."
Basic-ISP,Koekoekslaan 6,3435CL,Nieuwegein,03-04-2005,524,864,14,162.0,100,1,32.4,"Domeinnaam, Domein reselling, Webhosting, Webhosting reselling, Colocatie, Dedicated server, Virtual Private Server, Gameserver, SSL-Certificaat."
HostingDiscounter,Impact 75,6921 RZ,Duiven,01-01-2003,43000,14000,Geen opgave,16.0,-100,1,3.2,"Domeinnaam, Webhosting, Webhosting reselling, Dedicated server, Virtual Private Server, SSL-Certificaat, Managed server, E-mail hosting."
Qlic BV,Bloemdijk 2A,9531JL,Borger,19-12-2012,Geen opgave,Geen opgave,Geen opgave,8.0,-100,1,1.6,"Domeinnaam, Webhosting, Webhosting reselling, Colocatie, Dedicated server, Virtual Private Server, SSL-Certificaat, VoIP-telefonie, Online backup, Managed server, E-mail hosting."
RTK Automatisering B.V.,Spaubeeklaan 23,6164 HG,Geleen,03-03-2011,208,312,50,5.0,-100,,1.0,"Domeinnaam, Webhosting, Dedicated server, Virtual Private Server, Gameserver, Netwerk connectiviteit, Online backup, Usenet toegang, Managed server, E-mail hosting."
Signet bv,Ekkersrijt 5218,5692 EG,Son,01-01-1994,Geen opgave,Geen opgave,Geen opgave,19.0,-100,,3.8,"Domeinnaam, Webhosting, Colocatie, Dedicated server, Virtual Private Server, SSL-Certificaat, Breedband internet, VoIP-telefonie, Netwerk connectiviteit, Online backup, Managed server, E-mail hosting."
SoHosted Cloud B.V.,Dopheide 14,9202 PB,Drachten,00-00-0000,Geen opgave,Geen opgave,Geen opgave,25.0,-100,,5.0,"Colocatie, Virtual Private Server, Online backup."
OnlineWerkplekken.nl,Ringbaan Zuid 10,6905DB,Zevenaar,00-00-0000,50,100,500,18.0,-100,,3.6,"Domeinnaam, Virtual Private Server, Breedband internet, VoIP-telefonie, Online backup, Managed server, E-mail hosting."
Echelon,Hengelosestraat 705,7521PA,Enschede,01-11-1986,Geen opgave,Geen opgave,Geen opgave,11.0,-100,,2.2,"Domeinnaam, Webhosting, Colocatie, Dedicated server, Virtual Private Server, SSL-Certificaat, Breedband internet, VoIP-telefonie, Netwerk connectiviteit, Managed server."
Troublefree,Pletterij 1A,2211JT,Noordwijkerhout,01-01-2006,Geen opgave,Geen opgave,Geen opgave,5.0,-100,1,1.0,"Domeinnaam, Domein reselling, Webhosting, Webhosting reselling, Colocatie, Dedicated server, SSL-Certificaat."
Hostdozer,De Mient 24,2903 LC,Capelle aan den Ijssel,23-06-2003,Geen opgave,Geen opgave,Geen opgave,7.0,-100,1,1.4,"Domeinnaam, Webhosting, Webhosting reselling, Dedicated server, SSL-Certificaat, E-mail hosting."
Luna.nl B.V.,Puntegaalstraat 109,3024 EB,Rotterdam,01-01-1994,Geen opgave,Geen opgave,Geen opgave,10.0,-100,,2.0,"Domeinnaam, Webhosting, Dedicated server, Virtual Private Server, SSL-Certificaat, Breedband internet, VoIP-telefonie, Netwerk connectiviteit, Online backup, Managed server, E-mail hosting."
webhostwinkel.nl,Postbus 55405,3008EK,Rotterdam,01-07-2008,500,2000,5,6.0,-100,1,1.2,"Domeinnaam, Domein reselling, Webhosting, Webhosting reselling, SSL-Certificaat, E-mail hosting."
i4Networks,Tivolilaan 205,6824 BV,Arnhem,01-01-1985,500,3000,Geen opgave,9.0,-100,1,1.8,"Domeinnaam, Domein reselling, Webhosting, Colocatie, Dedicated server, Breedband internet, Netwerk connectiviteit."
Eagerly Internet,Herenstraat 1B,3512 KA,Utrecht,16-09-1999,200,Geen opgave,Geen opgave,7.0,-100,,1.4,"Domeinnaam, Webhosting, Colocatie, Dedicated server, Virtual Private Server, SSL-Certificaat, Managed server, E-mail hosting."
Final Frontier,Cypergrasweg 3C,1313AK,Almere,01-10-1998,1000,Geen opgave,500,9.0,-100,1,1.8,"Domeinnaam, Domein reselling, Webhosting, Webhosting reselling, Streaming media, Colocatie, Dedicated server, Virtual Private Server, Gameserver, SSL-Certificaat, VoIP-telefonie, Netwerk connectiviteit, Online backup, Managed server, E-mail hosting."
WindhoosNL,Goudenregenplantsoen 177,2982 TD,Ridderkerk,09-03-2015,900,Geen opgave,35,8.0,-100,,1.6,"Colocatie, Dedicated server, Virtual Private Server, SSL-Certificaat, Breedband internet, VoIP-telefonie, Usenet toegang, Managed server, E-mail hosting."
Symplex Internet Solutions,beekpunge 104,5931 DR,TEGELEN,23-10-2011,25,27,3,21.0,-100,1,4.2,"Domeinnaam, Webhosting, Webhosting reselling, Dedicated server, Virtual Private Server, Online backup."
MONI b.v.,Midden Engweg 27,3882 TS,Putten,01-05-2014,200,1,1,12.0,-100,,2.4,Netwerk connectiviteit.
OSSO BV,Helperpark 282A,9723ZA,Groningen,01-01-2005,Geen opgave,Geen opgave,Geen opgave,6.0,-100,,1.2,"Dedicated server, Virtual Private Server, Netwerk connectiviteit, Online backup, Managed server."
Previder,Expolaan 50,7556BE,Hengelo OV,01-12-1995,Geen opgave,Geen opgave,Geen opgave,45.0,-100,1,9.0,"Domeinnaam, Domein reselling, Webhosting, Webhosting reselling, Streaming media, Colocatie, Dedicated server, Virtual Private Server, Gameserver, SSL-Certificaat, Breedband internet, VoIP-telefonie, Netwerk connectiviteit, Online backup, Managed server, E-mail hosting."
Business Hosting,Tivolilaan 205,6824 BV,Arnhem,10-01-2000,5000,15000,300,5.0,-100,1,1.0,"Domeinnaam, Domein reselling, Webhosting, Webhosting reselling, Colocatie, Dedicated server, Virtual Private Server, SSL-Certificaat, Breedband internet, Netwerk connectiviteit, Online backup, Managed server, E-mail hosting."
Intermax Cloudsourcing,Schouwburgplein 30-34,3012 CL,Rotterdam,14-09-1994,1800,13500,900,28.0,-100,1,5.6,"Domeinnaam, Webhosting, Webhosting reselling, Streaming media, Colocatie, Dedicated server, Virtual Private Server, SSL-Certificaat, Breedband internet, VoIP-telefonie, Netwerk connectiviteit, Online backup, Managed server, E-mail hosting."
FiberRing,J.W. Lucasweg 35,2031 BE,Haarlem,01-01-1997,1200,Geen opgave,Geen opgave,20.0,-100,,4.0,"Breedband internet, Netwerk connectiviteit."
PLANT hosting & co-location,Science Park 140,1098 XG,Amsterdam,01-11-1995,4000,5000,400,33.0,-100,1,6.6,"Domeinnaam, Domein reselling, Webhosting, Webhosting reselling, Streaming media, Colocatie, Dedicated server, Virtual Private Server, Gameserver, SSL-Certificaat, Netwerk connectiviteit, Online backup, Managed server."
A2B Internet,Wielingenstraat 93,1441 ZN,Purmerend,15-04-2010,Geen opgave,Geen opgave,Geen opgave,5.0,-100,,1.0,"Colocatie, Breedband internet, Netwerk connectiviteit."
Connect Datacenters,Hoenderkamp 20,7812 VZ,Emmen,12-10-2000,150,1000,500,18.0,-100,1,3.6,"Domeinnaam, Webhosting, Webhosting reselling, Colocatie, Dedicated server, Virtual Private Server, Gameserver, SSL-Certificaat, Breedband internet, VoIP-telefonie, Netwerk connectiviteit, Online backup, Managed server, E-mail hosting."
Sigma Solutions,J. Duikerweg 10a,1703DH,Heerhugowaard,01-01-2003,100,1000,20,8.0,-100,,1.6,"Domeinnaam, Webhosting, Dedicated server, Virtual Private Server, SSL-Certificaat, Managed server."
ZXFactory B.V.,Telefoonweg 44,6712GD,Ede,01-01-1995,600,2000,120,52.0,-100,1,10.4,"Domeinnaam, Domein reselling, Webhosting, Webhosting reselling, Colocatie, Dedicated server, Virtual Private Server, SSL-Certificaat, Breedband internet, Netwerk connectiviteit, Managed server."
XRC networks BV,Noorderbaan 12,5388RB,Nistelrode,01-06-2007,13000,1200,Geen opgave,92.0,-100,1,18.4,"Domeinnaam, Domein reselling, Webhosting, Webhosting reselling, Streaming media, Colocatie, Dedicated server, Virtual Private Server, SSL-Certificaat, Breedband internet, VoIP-telefonie, Netwerk connectiviteit, Online backup, Managed server, E-mail hosting."
Nines B.V.,Kanaalweg 29,3526 KM,Utrecht,00-00-0000,500,5000,750,25.0,-100,,5.0,"Domeinnaam, Webhosting, Streaming media, Dedicated server, Virtual Private Server, SSL-Certificaat, Netwerk connectiviteit, Online backup, Managed server."
ProcoliX,Elektronicaweg 18,2628 XG,Delft,12-12-2000,100,350,350,6.0,-100,,1.2,"Domeinnaam, Webhosting, Virtual Private Server, Netwerk connectiviteit, Managed server."
BelTex IT- Uwvoipcentrale.nl - Texels - pinnen-over-ip.nl,Schoudieck 63,1791 WE,Den Burg,00-00-0000,120,160,4,5.0,-100,1,1.0,"Domeinnaam, Webhosting, Webhosting reselling, Streaming media, Colocatie, Dedicated server, Virtual Private Server, Breedband internet, VoIP-telefonie."
Computel Standby,Schumanpark 29-31,7336 AM,Apeldoorn,01-10-1995,Geen opgave,Geen opgave,Geen opgave,7.0,-100,1,1.4,"Domeinnaam, Domein reselling, Webhosting, Webhosting reselling, Streaming media, Colocatie, Dedicated server, Virtual Private Server, SSL-Certificaat, Breedband internet, VoIP-telefonie, Netwerk connectiviteit, Online backup, Managed server."
MHASMO bv,Spaarndammerdijk 5a,1013ZM,Amsterdam,22-02-2007,Geen opgave,Geen opgave,Geen opgave,9.0,-100,1,1.8,"Domeinnaam, Webhosting, Webhosting reselling, Streaming media, Colocatie, Dedicated server, Virtual Private Server, SSL-Certificaat, VoIP-telefonie, Online backup, Managed server."
Superior,Schootense Dreef 22,5708 HZ,Helmond,27-03-1999,2000,10000,250,5.0,-100,1,1.0,"Domeinnaam, Domein reselling, Webhosting, Webhosting reselling, Streaming media, Colocatie, Dedicated server, Virtual Private Server, SSL-Certificaat, Netwerk connectiviteit, Online backup, Managed server, E-mail hosting."
Alere Advies,Notaris Kruytstraat 10,2661HP,Bergschenhoek,12-06-2014,150,1000,250,6.0,-100,1,1.2,"Domeinnaam, Domein reselling, Webhosting, Webhosting reselling, Streaming media, Colocatie, Dedicated server, Virtual Private Server, SSL-Certificaat, Breedband internet, VoIP-telefonie, Netwerk connectiviteit, Online backup, Managed server, E-mail hosting."
Webparking,Cypresbaan 31A,2908 LT,Capelle aan den IJssel,01-01-2004,Geen opgave,Geen opgave,Geen opgave,6.0,-100,,1.2,"Domeinnaam, Webhosting, SSL-Certificaat."
Serverion,Krammer 8,3232 HE,Brielle,01-08-2015,950,3500,290,6.0,-100,1,1.2,"Domeinnaam, Domein reselling, Webhosting, Webhosting reselling, Streaming media, Colocatie, Dedicated server, Virtual Private Server, SSL-Certificaat, VoIP-telefonie, Netwerk connectiviteit, Online backup, Usenet toegang, Managed server, E-mail hosting."
Trans-iX,Westhavenweg 105b,1042 BB,Amsterdam,23-09-2004,400,1000,Geen opgave,11.0,-100,1,2.2,"Domeinnaam, Domein reselling, Webhosting, Webhosting reselling, Colocatie, Dedicated server, Virtual Private Server, SSL-Certificaat, Netwerk connectiviteit, Online backup, Managed server, E-mail hosting."
Web2All B.V.,Gulickstraat 17,5931 LA,Tegelen,01-06-2006,Geen opgave,Geen opgave,Geen opgave,6.0,-100,1,1.2,"Domeinnaam, Domein reselling, Webhosting, Webhosting reselling, Streaming media, Colocatie, Dedicated server, Virtual Private Server, SSL-Certificaat, Breedband internet, VoIP-telefonie, Netwerk connectiviteit, Online backup, Managed server."
Fieber,Startbaan 8,1185XR,AMSTELVEEN,00-00-0000,Geen opgave,Geen opgave,Geen opgave,19.0,-100,,3.8,"Breedband internet, VoIP-telefonie, Netwerk connectiviteit."
Solcon,Het Spaarne 11,8253 PE,Dronten,01-06-1996,65000,Geen opgave,Geen opgave,130.0,40,1,26.0,"Domeinnaam, Webhosting, Webhosting reselling, Streaming media, Colocatie, Dedicated server, Virtual Private Server, SSL-Certificaat, Breedband internet, VoIP-telefonie, Netwerk connectiviteit, Online backup, Managed server, E-mail hosting."
RealHosting,Wateringweg 143,2031EG,Haarlem,11-05-2001,Geen opgave,70000,Geen opgave,18.0,90,1,3.6,"Domeinnaam, Domein reselling, Webhosting, Webhosting reselling, Virtual Private Server, SSL-Certificaat, Managed server."
Qweb Internet Services B.V.,Rivium Quadrant 81 10e,2909LC,Capelle a/d IJssel,01-04-2000,2500,15000,500,7.0,96,1,1.4,"Domeinnaam, Domein reselling, Webhosting, Webhosting reselling, Colocatie, Dedicated server, Virtual Private Server, SSL-Certificaat, Netwerk connectiviteit, Online backup, Managed server, E-mail hosting."
Open Domain Registry,Rucphensebaan 30a,4706PJ,Roosendaal,01-01-2005,Geen opgave,Geen opgave,Geen opgave,10.0,100,1,2.0,"Domeinnaam, Domein reselling, SSL-Certificaat."
